Tempo,Corpos,Cores,Movimento,Nucleos
0.385998, 100,2,100, Dois
0.379136, 100,2,100, Dois
0.386022, 100,2,100, Dois
0.38298, 100,2,100, Dois
0.38926, 100,2,100, Dois
0.379022, 100,2,100, Dois
0.379443, 100,2,100, Dois
0.385159, 100,2,100, Dois
0.36954, 100,2,100, Dois
0.376938, 100,2,100, Dois
0.381292, 100,2,100, Dois
0.384558, 100,2,100, Dois
0.389253, 100,2,100, Dois
0.382701, 100,2,100, Dois
0.383845, 100,2,100, Dois
0.376841, 100,2,100, Dois
0.373547, 100,2,100, Dois
0.385865, 100,2,100, Dois
0.384002, 100,2,100, Dois
0.370194, 100,2,100, Dois
0.388301, 100,2,100, Dois
0.384174, 100,2,100, Dois
0.38273, 100,2,100, Dois
0.375905, 100,2,100, Dois
0.3818, 100,2,100, Dois
0.386722, 100,2,100, Dois
0.388811, 100,2,100, Dois
0.390669, 100,2,100, Dois
0.383198, 100,2,100, Dois
0.38467, 100,2,100, Dois
0.383965, 100,2,100, Dois
0.387029, 100,2,100, Dois
0.38247, 100,2,100, Dois
0.375147, 100,2,100, Dois
0.376762, 100,2,100, Dois
0.386912, 100,2,100, Dois
0.373354, 100,2,100, Dois
0.387401, 100,2,100, Dois
0.369004, 100,2,100, Dois
0.380501, 100,2,100, Dois
0.388431, 100,2,100, Dois
0.381996, 100,2,100, Dois
0.384176, 100,2,100, Dois
0.378362, 100,2,100, Dois
0.387141, 100,2,100, Dois
0.371289, 100,2,100, Dois
0.369851, 100,2,100, Dois
0.39025, 100,2,100, Dois
0.388341, 100,2,100, Dois
0.383573, 100,2,100, Dois
1.445011, 200,2,100, Dois
1.464194, 200,2,100, Dois
1.47036, 200,2,100, Dois
1.396669, 200,2,100, Dois
1.452781, 200,2,100, Dois
1.440699, 200,2,100, Dois
1.467972, 200,2,100, Dois
1.465932, 200,2,100, Dois
1.443729, 200,2,100, Dois
1.455281, 200,2,100, Dois
1.461768, 200,2,100, Dois
1.401257, 200,2,100, Dois
1.460079, 200,2,100, Dois
1.469607, 200,2,100, Dois
1.390675, 200,2,100, Dois
1.422976, 200,2,100, Dois
1.452234, 200,2,100, Dois
1.477121, 200,2,100, Dois
1.448422, 200,2,100, Dois
1.459736, 200,2,100, Dois
1.393207, 200,2,100, Dois
1.47719, 200,2,100, Dois
1.485668, 200,2,100, Dois
1.44032, 200,2,100, Dois
1.471732, 200,2,100, Dois
1.463389, 200,2,100, Dois
1.471307, 200,2,100, Dois
1.454772, 200,2,100, Dois
1.465074, 200,2,100, Dois
1.409769, 200,2,100, Dois
1.461513, 200,2,100, Dois
1.455281, 200,2,100, Dois
1.459268, 200,2,100, Dois
1.466447, 200,2,100, Dois
1.38709, 200,2,100, Dois
1.46063, 200,2,100, Dois
1.454783, 200,2,100, Dois
1.446717, 200,2,100, Dois
1.442584, 200,2,100, Dois
1.446663, 200,2,100, Dois
1.456117, 200,2,100, Dois
1.451511, 200,2,100, Dois
1.445753, 200,2,100, Dois
1.455261, 200,2,100, Dois
1.388778, 200,2,100, Dois
1.45382, 200,2,100, Dois
1.467993, 200,2,100, Dois
1.409445, 200,2,100, Dois
1.457926, 200,2,100, Dois
1.439073, 200,2,100, Dois
3.480719, 300,2,100, Dois
3.479027, 300,2,100, Dois
3.49816, 300,2,100, Dois
3.497651, 300,2,100, Dois
3.307386, 300,2,100, Dois
3.338655, 300,2,100, Dois
3.305704, 300,2,100, Dois
3.323353, 300,2,100, Dois
3.485388, 300,2,100, Dois
3.301777, 300,2,100, Dois
3.504627, 300,2,100, Dois
3.505183, 300,2,100, Dois
3.575726, 300,2,100, Dois
3.490117, 300,2,100, Dois
3.287458, 300,2,100, Dois
3.518528, 300,2,100, Dois
3.49203, 300,2,100, Dois
3.485183, 300,2,100, Dois
3.479493, 300,2,100, Dois
3.275104, 300,2,100, Dois
3.315249, 300,2,100, Dois
3.501036, 300,2,100, Dois
3.307698, 300,2,100, Dois
3.496277, 300,2,100, Dois
3.480293, 300,2,100, Dois
3.508292, 300,2,100, Dois
3.487326, 300,2,100, Dois
3.45942, 300,2,100, Dois
3.310556, 300,2,100, Dois
3.339195, 300,2,100, Dois
3.312013, 300,2,100, Dois
3.490999, 300,2,100, Dois
3.30026, 300,2,100, Dois
3.473097, 300,2,100, Dois
3.479493, 300,2,100, Dois
3.497431, 300,2,100, Dois
3.498369, 300,2,100, Dois
3.470777, 300,2,100, Dois
3.32515, 300,2,100, Dois
3.32578, 300,2,100, Dois
3.309799, 300,2,100, Dois
3.488854, 300,2,100, Dois
3.596781, 300,2,100, Dois
3.336171, 300,2,100, Dois
3.477187, 300,2,100, Dois
3.31519, 300,2,100, Dois
3.475303, 300,2,100, Dois
3.493374, 300,2,100, Dois
3.463169, 300,2,100, Dois
3.491405, 300,2,100, Dois
6.468133, 400,2,100, Dois
6.422774, 400,2,100, Dois
6.128302, 400,2,100, Dois
6.129366, 400,2,100, Dois
6.3938, 400,2,100, Dois
6.16598, 400,2,100, Dois
6.25078, 400,2,100, Dois
6.456333, 400,2,100, Dois
6.121717, 400,2,100, Dois
6.436522, 400,2,100, Dois
6.134301, 400,2,100, Dois
6.426407, 400,2,100, Dois
6.159964, 400,2,100, Dois
6.679147, 400,2,100, Dois
6.121166, 400,2,100, Dois
6.15987, 400,2,100, Dois
6.138358, 400,2,100, Dois
6.442818, 400,2,100, Dois
6.148871, 400,2,100, Dois
6.175963, 400,2,100, Dois
6.127693, 400,2,100, Dois
6.419554, 400,2,100, Dois
6.461289, 400,2,100, Dois
6.458088, 400,2,100, Dois
6.424223, 400,2,100, Dois
6.455755, 400,2,100, Dois
6.482124, 400,2,100, Dois
6.435515, 400,2,100, Dois
6.448649, 400,2,100, Dois
6.469936, 400,2,100, Dois
6.403206, 400,2,100, Dois
6.454894, 400,2,100, Dois
6.413156, 400,2,100, Dois
6.128491, 400,2,100, Dois
6.152101, 400,2,100, Dois
6.4872, 400,2,100, Dois
6.490928, 400,2,100, Dois
6.423253, 400,2,100, Dois
6.476109, 400,2,100, Dois
6.155425, 400,2,100, Dois
6.148079, 400,2,100, Dois
6.449634, 400,2,100, Dois
6.519604, 400,2,100, Dois
6.478917, 400,2,100, Dois
6.411107, 400,2,100, Dois
6.492397, 400,2,100, Dois
6.42242, 400,2,100, Dois
6.454491, 400,2,100, Dois
6.431009, 400,2,100, Dois
6.441882, 400,2,100, Dois
11.652777, 500,2,100, Dois
11.017104, 500,2,100, Dois
11.567088, 500,2,100, Dois
10.838362, 500,2,100, Dois
11.545806, 500,2,100, Dois
10.871265, 500,2,100, Dois
11.77739, 500,2,100, Dois
11.003862, 500,2,100, Dois
11.604428, 500,2,100, Dois
11.705657, 500,2,100, Dois
11.72946, 500,2,100, Dois
10.953098, 500,2,100, Dois
11.726746, 500,2,100, Dois
11.647702, 500,2,100, Dois
11.693755, 500,2,100, Dois
10.937653, 500,2,100, Dois
11.055147, 500,2,100, Dois
11.554931, 500,2,100, Dois
10.963249, 500,2,100, Dois
11.456256, 500,2,100, Dois
11.797405, 500,2,100, Dois
11.618799, 500,2,100, Dois
10.92332, 500,2,100, Dois
10.963259, 500,2,100, Dois
11.691024, 500,2,100, Dois
11.348909, 500,2,100, Dois
10.969734, 500,2,100, Dois
10.890381, 500,2,100, Dois
10.825622, 500,2,100, Dois
11.674233, 500,2,100, Dois
11.129162, 500,2,100, Dois
11.750211, 500,2,100, Dois
11.686641, 500,2,100, Dois
12.55013, 500,2,100, Dois
10.99391, 500,2,100, Dois
11.609769, 500,2,100, Dois
11.620297, 500,2,100, Dois
11.87365, 500,2,100, Dois
11.624373, 500,2,100, Dois
10.855378, 500,2,100, Dois
10.999728, 500,2,100, Dois
11.548409, 500,2,100, Dois
10.945875, 500,2,100, Dois
10.858435, 500,2,100, Dois
11.0081, 500,2,100, Dois
10.989318, 500,2,100, Dois
10.897834, 500,2,100, Dois
12.041202, 500,2,100, Dois
11.50753, 500,2,100, Dois
11.071998, 500,2,100, Dois
15.468909, 600,2,100, Dois
15.627118, 600,2,100, Dois
15.614735, 600,2,100, Dois
16.430331, 600,2,100, Dois
15.588851, 600,2,100, Dois
15.538331, 600,2,100, Dois
15.544243, 600,2,100, Dois
15.599671, 600,2,100, Dois
15.545136, 600,2,100, Dois
15.571623, 600,2,100, Dois
15.506111, 600,2,100, Dois
16.396733, 600,2,100, Dois
15.512718, 600,2,100, Dois
15.728896, 600,2,100, Dois
16.444713, 600,2,100, Dois
16.367655, 600,2,100, Dois
16.509102, 600,2,100, Dois
15.641401, 600,2,100, Dois
15.610944, 600,2,100, Dois
16.594661, 600,2,100, Dois
16.357782, 600,2,100, Dois
15.549553, 600,2,100, Dois
15.635928, 600,2,100, Dois
16.480736, 600,2,100, Dois
15.717941, 600,2,100, Dois
16.448807, 600,2,100, Dois
16.513632, 600,2,100, Dois
15.610664, 600,2,100, Dois
16.405598, 600,2,100, Dois
15.658978, 600,2,100, Dois
16.462609, 600,2,100, Dois
16.425267, 600,2,100, Dois
15.611925, 600,2,100, Dois
15.545012, 600,2,100, Dois
15.54332, 600,2,100, Dois
16.446699, 600,2,100, Dois
16.466323, 600,2,100, Dois
16.492486, 600,2,100, Dois
15.616423, 600,2,100, Dois
16.339084, 600,2,100, Dois
16.422219, 600,2,100, Dois
16.336964, 600,2,100, Dois
15.521385, 600,2,100, Dois
15.57428, 600,2,100, Dois
15.587724, 600,2,100, Dois
15.630795, 600,2,100, Dois
16.430965, 600,2,100, Dois
15.573163, 600,2,100, Dois
15.698496, 600,2,100, Dois
15.550647, 600,2,100, Dois
0.21176, 100,4,100, Quatro
0.204167, 100,4,100, Quatro
0.219476, 100,4,100, Quatro
0.210657, 100,4,100, Quatro
0.233634, 100,4,100, Quatro
0.220659, 100,4,100, Quatro
0.227671, 100,4,100, Quatro
0.218561, 100,4,100, Quatro
0.225682, 100,4,100, Quatro
0.223821, 100,4,100, Quatro
0.220718, 100,4,100, Quatro
0.229818, 100,4,100, Quatro
0.220136, 100,4,100, Quatro
0.233322, 100,4,100, Quatro
0.210012, 100,4,100, Quatro
0.221619, 100,4,100, Quatro
0.323595, 100,4,100, Quatro
0.23106, 100,4,100, Quatro
0.214496, 100,4,100, Quatro
0.220877, 100,4,100, Quatro
0.206135, 100,4,100, Quatro
0.228478, 100,4,100, Quatro
0.209414, 100,4,100, Quatro
0.214492, 100,4,100, Quatro
0.237673, 100,4,100, Quatro
0.211797, 100,4,100, Quatro
0.214103, 100,4,100, Quatro
0.208493, 100,4,100, Quatro
0.212413, 100,4,100, Quatro
0.220601, 100,4,100, Quatro
0.215152, 100,4,100, Quatro
0.212949, 100,4,100, Quatro
0.217571, 100,4,100, Quatro
0.213306, 100,4,100, Quatro
0.207053, 100,4,100, Quatro
0.21728, 100,4,100, Quatro
0.221185, 100,4,100, Quatro
0.214887, 100,4,100, Quatro
0.211379, 100,4,100, Quatro
0.210259, 100,4,100, Quatro
0.218711, 100,4,100, Quatro
0.215641, 100,4,100, Quatro
0.20956, 100,4,100, Quatro
0.216451, 100,4,100, Quatro
0.212142, 100,4,100, Quatro
0.215177, 100,4,100, Quatro
0.227421, 100,4,100, Quatro
0.208458, 100,4,100, Quatro
0.217896, 100,4,100, Quatro
0.216773, 100,4,100, Quatro
0.793548, 200,4,100, Quatro
0.776891, 200,4,100, Quatro
0.787271, 200,4,100, Quatro
0.781796, 200,4,100, Quatro
0.791521, 200,4,100, Quatro
0.786859, 200,4,100, Quatro
0.792541, 200,4,100, Quatro
0.788621, 200,4,100, Quatro
0.79508, 200,4,100, Quatro
0.788221, 200,4,100, Quatro
0.784951, 200,4,100, Quatro
0.782006, 200,4,100, Quatro
0.795284, 200,4,100, Quatro
0.786127, 200,4,100, Quatro
0.787008, 200,4,100, Quatro
0.781606, 200,4,100, Quatro
0.78029, 200,4,100, Quatro
0.72278, 200,4,100, Quatro
0.793216, 200,4,100, Quatro
0.787465, 200,4,100, Quatro
0.830385, 200,4,100, Quatro
0.796655, 200,4,100, Quatro
0.784679, 200,4,100, Quatro
0.784084, 200,4,100, Quatro
0.788906, 200,4,100, Quatro
0.793429, 200,4,100, Quatro
0.812506, 200,4,100, Quatro
0.782386, 200,4,100, Quatro
0.791536, 200,4,100, Quatro
0.790714, 200,4,100, Quatro
0.793393, 200,4,100, Quatro
0.793759, 200,4,100, Quatro
0.736133, 200,4,100, Quatro
0.781274, 200,4,100, Quatro
0.80032, 200,4,100, Quatro
0.800587, 200,4,100, Quatro
0.778398, 200,4,100, Quatro
0.799119, 200,4,100, Quatro
0.792372, 200,4,100, Quatro
0.793844, 200,4,100, Quatro
0.780192, 200,4,100, Quatro
0.786612, 200,4,100, Quatro
0.777548, 200,4,100, Quatro
0.790447, 200,4,100, Quatro
0.779745, 200,4,100, Quatro
0.793553, 200,4,100, Quatro
0.784668, 200,4,100, Quatro
0.784613, 200,4,100, Quatro
0.773865, 200,4,100, Quatro
0.775136, 200,4,100, Quatro
1.88721, 300,4,100, Quatro
1.903203, 300,4,100, Quatro
1.909632, 300,4,100, Quatro
1.899848, 300,4,100, Quatro
1.926335, 300,4,100, Quatro
1.899954, 300,4,100, Quatro
1.905052, 300,4,100, Quatro
1.887197, 300,4,100, Quatro
1.899532, 300,4,100, Quatro
1.910061, 300,4,100, Quatro
1.88562, 300,4,100, Quatro
1.909021, 300,4,100, Quatro
1.890297, 300,4,100, Quatro
1.896899, 300,4,100, Quatro
1.911755, 300,4,100, Quatro
1.900491, 300,4,100, Quatro
1.891419, 300,4,100, Quatro
1.892733, 300,4,100, Quatro
1.916979, 300,4,100, Quatro
1.763603, 300,4,100, Quatro
1.892317, 300,4,100, Quatro
1.909009, 300,4,100, Quatro
1.876933, 300,4,100, Quatro
1.90308, 300,4,100, Quatro
1.903376, 300,4,100, Quatro
1.920752, 300,4,100, Quatro
1.758671, 300,4,100, Quatro
1.885112, 300,4,100, Quatro
1.915568, 300,4,100, Quatro
1.899747, 300,4,100, Quatro
2.075604, 300,4,100, Quatro
1.894441, 300,4,100, Quatro
1.910331, 300,4,100, Quatro
1.894331, 300,4,100, Quatro
1.895238, 300,4,100, Quatro
1.885297, 300,4,100, Quatro
1.886867, 300,4,100, Quatro
1.900159, 300,4,100, Quatro
1.901557, 300,4,100, Quatro
1.75286, 300,4,100, Quatro
1.939477, 300,4,100, Quatro
1.908559, 300,4,100, Quatro
1.90091, 300,4,100, Quatro
1.887856, 300,4,100, Quatro
1.885351, 300,4,100, Quatro
1.907355, 300,4,100, Quatro
1.767003, 300,4,100, Quatro
1.890809, 300,4,100, Quatro
1.907373, 300,4,100, Quatro
1.920419, 300,4,100, Quatro
3.604387, 400,4,100, Quatro
3.551761, 400,4,100, Quatro
3.568502, 400,4,100, Quatro
3.566631, 400,4,100, Quatro
3.59026, 400,4,100, Quatro
3.591847, 400,4,100, Quatro
3.646101, 400,4,100, Quatro
3.595608, 400,4,100, Quatro
3.531363, 400,4,100, Quatro
3.413409, 400,4,100, Quatro
3.591405, 400,4,100, Quatro
3.55891, 400,4,100, Quatro
3.562284, 400,4,100, Quatro
3.577508, 400,4,100, Quatro
3.277212, 400,4,100, Quatro
3.57421, 400,4,100, Quatro
3.589808, 400,4,100, Quatro
3.574836, 400,4,100, Quatro
3.597885, 400,4,100, Quatro
3.279411, 400,4,100, Quatro
3.564026, 400,4,100, Quatro
3.520051, 400,4,100, Quatro
3.558772, 400,4,100, Quatro
3.584364, 400,4,100, Quatro
3.71571, 400,4,100, Quatro
3.557232, 400,4,100, Quatro
3.596509, 400,4,100, Quatro
3.552055, 400,4,100, Quatro
3.570368, 400,4,100, Quatro
3.298991, 400,4,100, Quatro
3.556464, 400,4,100, Quatro
3.561268, 400,4,100, Quatro
3.547432, 400,4,100, Quatro
3.304215, 400,4,100, Quatro
3.58546, 400,4,100, Quatro
3.60542, 400,4,100, Quatro
3.302915, 400,4,100, Quatro
3.55093, 400,4,100, Quatro
3.589015, 400,4,100, Quatro
3.589069, 400,4,100, Quatro
3.560727, 400,4,100, Quatro
3.569275, 400,4,100, Quatro
3.579571, 400,4,100, Quatro
3.577025, 400,4,100, Quatro
3.326053, 400,4,100, Quatro
3.318837, 400,4,100, Quatro
3.568116, 400,4,100, Quatro
3.594365, 400,4,100, Quatro
3.573588, 400,4,100, Quatro
3.548193, 400,4,100, Quatro
6.619287, 500,4,100, Quatro
6.692635, 500,4,100, Quatro
6.519825, 500,4,100, Quatro
6.584603, 500,4,100, Quatro
6.86, 500,4,100, Quatro
6.694793, 500,4,100, Quatro
6.666816, 500,4,100, Quatro
6.603524, 500,4,100, Quatro
6.67628, 500,4,100, Quatro
6.592086, 500,4,100, Quatro
6.717171, 500,4,100, Quatro
6.629427, 500,4,100, Quatro
6.533452, 500,4,100, Quatro
6.525798, 500,4,100, Quatro
6.784244, 500,4,100, Quatro
5.940518, 500,4,100, Quatro
6.672138, 500,4,100, Quatro
6.560602, 500,4,100, Quatro
6.624326, 500,4,100, Quatro
6.542744, 500,4,100, Quatro
6.769578, 500,4,100, Quatro
6.512086, 500,4,100, Quatro
6.520308, 500,4,100, Quatro
6.687732, 500,4,100, Quatro
6.744791, 500,4,100, Quatro
6.56369, 500,4,100, Quatro
6.626434, 500,4,100, Quatro
6.682141, 500,4,100, Quatro
6.58429, 500,4,100, Quatro
5.944821, 500,4,100, Quatro
6.565628, 500,4,100, Quatro
6.663661, 500,4,100, Quatro
6.625043, 500,4,100, Quatro
6.670798, 500,4,100, Quatro
6.565307, 500,4,100, Quatro
6.603573, 500,4,100, Quatro
6.520108, 500,4,100, Quatro
6.637821, 500,4,100, Quatro
6.522229, 500,4,100, Quatro
6.629577, 500,4,100, Quatro
6.6594, 500,4,100, Quatro
6.623009, 500,4,100, Quatro
6.743662, 500,4,100, Quatro
6.604112, 500,4,100, Quatro
6.642591, 500,4,100, Quatro
5.869789, 500,4,100, Quatro
6.586927, 500,4,100, Quatro
6.540523, 500,4,100, Quatro
6.628598, 500,4,100, Quatro
6.723431, 500,4,100, Quatro
9.640167, 600,4,100, Quatro
9.677619, 600,4,100, Quatro
9.599717, 600,4,100, Quatro
9.548594, 600,4,100, Quatro
9.638198, 600,4,100, Quatro
9.72532, 600,4,100, Quatro
9.716928, 600,4,100, Quatro
9.673642, 600,4,100, Quatro
9.80355, 600,4,100, Quatro
9.635747, 600,4,100, Quatro
9.74252, 600,4,100, Quatro
9.61389, 600,4,100, Quatro
8.756997, 600,4,100, Quatro
9.605299, 600,4,100, Quatro
9.691325, 600,4,100, Quatro
9.708522, 600,4,100, Quatro
9.670727, 600,4,100, Quatro
9.663129, 600,4,100, Quatro
9.631077, 600,4,100, Quatro
9.623236, 600,4,100, Quatro
10.172072, 600,4,100, Quatro
8.772339, 600,4,100, Quatro
9.618507, 600,4,100, Quatro
9.610974, 600,4,100, Quatro
9.755368, 600,4,100, Quatro
9.688239, 600,4,100, Quatro
9.661607, 600,4,100, Quatro
9.606459, 600,4,100, Quatro
9.616151, 600,4,100, Quatro
9.693138, 600,4,100, Quatro
9.687381, 600,4,100, Quatro
9.703886, 600,4,100, Quatro
9.596636, 600,4,100, Quatro
9.69763, 600,4,100, Quatro
9.927655, 600,4,100, Quatro
9.802198, 600,4,100, Quatro
9.615734, 600,4,100, Quatro
9.605538, 600,4,100, Quatro
9.615735, 600,4,100, Quatro
9.648715, 600,4,100, Quatro
9.692879, 600,4,100, Quatro
9.687804, 600,4,100, Quatro
10.297616, 600,4,100, Quatro
8.69789, 600,4,100, Quatro
9.552409, 600,4,100, Quatro
9.666937, 600,4,100, Quatro
9.697905, 600,4,100, Quatro
9.582115, 600,4,100, Quatro
8.81647, 600,4,100, Quatro
9.784414, 600,4,100, Quatro
0.152002, 100, 8, 100, Oito
0.153187, 100, 8, 100, Oito
0.154211, 100, 8, 100, Oito
0.154929, 100, 8, 100, Oito
0.141426, 100, 8, 100, Oito
0.155165, 100, 8, 100, Oito
0.143575, 100, 8, 100, Oito
0.132342, 100, 8, 100, Oito
0.162316, 100, 8, 100, Oito
0.154728, 100, 8, 100, Oito
0.140392, 100, 8, 100, Oito
0.144591, 100, 8, 100, Oito
0.156455, 100, 8, 100, Oito
0.146214, 100, 8, 100, Oito
0.131358, 100, 8, 100, Oito
0.162797, 100, 8, 100, Oito
0.139399, 100, 8, 100, Oito
0.145828, 100, 8, 100, Oito
0.140521, 100, 8, 100, Oito
0.136001, 100, 8, 100, Oito
0.135632, 100, 8, 100, Oito
0.153234, 100, 8, 100, Oito
0.152859, 100, 8, 100, Oito
0.137686, 100, 8, 100, Oito
0.158164, 100, 8, 100, Oito
0.153611, 100, 8, 100, Oito
0.153828, 100, 8, 100, Oito
0.1488, 100, 8, 100, Oito
0.153628, 100, 8, 100, Oito
0.133677, 100, 8, 100, Oito
0.133982, 100, 8, 100, Oito
0.156523, 100, 8, 100, Oito
0.149052, 100, 8, 100, Oito
0.132138, 100, 8, 100, Oito
0.130239, 100, 8, 100, Oito
0.132784, 100, 8, 100, Oito
0.158002, 100, 8, 100, Oito
0.14825, 100, 8, 100, Oito
0.153789, 100, 8, 100, Oito
0.158875, 100, 8, 100, Oito
0.151191, 100, 8, 100, Oito
0.13437, 100, 8, 100, Oito
0.130959, 100, 8, 100, Oito
0.154643, 100, 8, 100, Oito
0.156217, 100, 8, 100, Oito
0.149125, 100, 8, 100, Oito
0.129682, 100, 8, 100, Oito
0.15348, 100, 8, 100, Oito
0.154789, 100, 8, 100, Oito
0.133899, 100, 8, 100, Oito
0.471889, 200, 8, 100, Oito
0.476484, 200, 8, 100, Oito
0.475294, 200, 8, 100, Oito
0.470265, 200, 8, 100, Oito
0.48366, 200, 8, 100, Oito
0.481421, 200, 8, 100, Oito
0.479455, 200, 8, 100, Oito
0.485564, 200, 8, 100, Oito
0.473598, 200, 8, 100, Oito
0.460568, 200, 8, 100, Oito
0.478929, 200, 8, 100, Oito
0.476916, 200, 8, 100, Oito
0.481512, 200, 8, 100, Oito
0.46742, 200, 8, 100, Oito
0.482433, 200, 8, 100, Oito
0.477728, 200, 8, 100, Oito
0.476793, 200, 8, 100, Oito
0.485553, 200, 8, 100, Oito
0.473949, 200, 8, 100, Oito
0.469096, 200, 8, 100, Oito
0.470922, 200, 8, 100, Oito
0.487889, 200, 8, 100, Oito
0.470798, 200, 8, 100, Oito
0.474364, 200, 8, 100, Oito
0.471493, 200, 8, 100, Oito
0.481367, 200, 8, 100, Oito
0.487668, 200, 8, 100, Oito
0.483483, 200, 8, 100, Oito
0.480416, 200, 8, 100, Oito
0.471203, 200, 8, 100, Oito
0.475483, 200, 8, 100, Oito
0.483385, 200, 8, 100, Oito
0.471434, 200, 8, 100, Oito
0.486169, 200, 8, 100, Oito
0.485537, 200, 8, 100, Oito
0.47406, 200, 8, 100, Oito
0.481533, 200, 8, 100, Oito
0.485498, 200, 8, 100, Oito
0.492259, 200, 8, 100, Oito
0.511687, 200, 8, 100, Oito
0.46794, 200, 8, 100, Oito
0.477273, 200, 8, 100, Oito
0.464435, 200, 8, 100, Oito
0.490449, 200, 8, 100, Oito
0.480667, 200, 8, 100, Oito
0.473451, 200, 8, 100, Oito
0.47685, 200, 8, 100, Oito
0.501903, 200, 8, 100, Oito
0.473289, 200, 8, 100, Oito
0.475377, 200, 8, 100, Oito
1.148813, 300, 8, 100, Oito
1.146845, 300, 8, 100, Oito
1.13797, 300, 8, 100, Oito
1.153944, 300, 8, 100, Oito
1.154567, 300, 8, 100, Oito
1.143124, 300, 8, 100, Oito
1.141226, 300, 8, 100, Oito
1.150517, 300, 8, 100, Oito
1.153822, 300, 8, 100, Oito
1.14167, 300, 8, 100, Oito
1.143038, 300, 8, 100, Oito
1.146438, 300, 8, 100, Oito
1.135832, 300, 8, 100, Oito
1.128102, 300, 8, 100, Oito
1.033515, 300, 8, 100, Oito
1.140149, 300, 8, 100, Oito
1.157449, 300, 8, 100, Oito
1.151317, 300, 8, 100, Oito
1.156099, 300, 8, 100, Oito
1.273222, 300, 8, 100, Oito
1.147089, 300, 8, 100, Oito
1.153091, 300, 8, 100, Oito
1.161311, 300, 8, 100, Oito
1.150975, 300, 8, 100, Oito
1.144602, 300, 8, 100, Oito
1.146432, 300, 8, 100, Oito
1.154656, 300, 8, 100, Oito
1.133668, 300, 8, 100, Oito
1.139498, 300, 8, 100, Oito
1.12877, 300, 8, 100, Oito
1.147718, 300, 8, 100, Oito
1.142775, 300, 8, 100, Oito
1.14674, 300, 8, 100, Oito
1.137438, 300, 8, 100, Oito
1.144808, 300, 8, 100, Oito
1.144428, 300, 8, 100, Oito
1.144948, 300, 8, 100, Oito
1.145611, 300, 8, 100, Oito
1.149639, 300, 8, 100, Oito
1.1471, 300, 8, 100, Oito
1.157968, 300, 8, 100, Oito
1.159654, 300, 8, 100, Oito
1.123906, 300, 8, 100, Oito
1.138794, 300, 8, 100, Oito
1.148228, 300, 8, 100, Oito
1.147859, 300, 8, 100, Oito
1.150435, 300, 8, 100, Oito
1.143563, 300, 8, 100, Oito
1.136033, 300, 8, 100, Oito
1.154165, 300, 8, 100, Oito
2.052648, 400, 8, 100, Oito
2.084664, 400, 8, 100, Oito
2.072274, 400, 8, 100, Oito
2.096582, 400, 8, 100, Oito
2.069621, 400, 8, 100, Oito
2.070247, 400, 8, 100, Oito
2.030814, 400, 8, 100, Oito
2.093458, 400, 8, 100, Oito
2.091867, 400, 8, 100, Oito
1.980208, 400, 8, 100, Oito
2.041808, 400, 8, 100, Oito
2.076622, 400, 8, 100, Oito
2.092622, 400, 8, 100, Oito
2.076756, 400, 8, 100, Oito
1.992658, 400, 8, 100, Oito
2.052956, 400, 8, 100, Oito
2.070146, 400, 8, 100, Oito
2.091451, 400, 8, 100, Oito
2.058164, 400, 8, 100, Oito
2.073662, 400, 8, 100, Oito
2.042415, 400, 8, 100, Oito
2.155889, 400, 8, 100, Oito
2.068964, 400, 8, 100, Oito
1.990983, 400, 8, 100, Oito
2.109967, 400, 8, 100, Oito
2.074285, 400, 8, 100, Oito
2.07085, 400, 8, 100, Oito
2.087548, 400, 8, 100, Oito
2.074443, 400, 8, 100, Oito
2.087959, 400, 8, 100, Oito
2.068296, 400, 8, 100, Oito
2.036004, 400, 8, 100, Oito
2.23353, 400, 8, 100, Oito
2.067168, 400, 8, 100, Oito
2.072439, 400, 8, 100, Oito
2.08155, 400, 8, 100, Oito
2.11183, 400, 8, 100, Oito
2.056289, 400, 8, 100, Oito
2.055822, 400, 8, 100, Oito
2.075017, 400, 8, 100, Oito
2.081826, 400, 8, 100, Oito
2.076479, 400, 8, 100, Oito
2.191615, 400, 8, 100, Oito
2.007952, 400, 8, 100, Oito
2.089414, 400, 8, 100, Oito
2.080277, 400, 8, 100, Oito
2.060207, 400, 8, 100, Oito
1.981477, 400, 8, 100, Oito
2.085177, 400, 8, 100, Oito
1.999715, 400, 8, 100, Oito
4.135309, 500, 8, 100, Oito
4.017242, 500, 8, 100, Oito
4.046232, 500, 8, 100, Oito
4.125025, 500, 8, 100, Oito
4.242235, 500, 8, 100, Oito
4.001818, 500, 8, 100, Oito
4.068869, 500, 8, 100, Oito
4.029849, 500, 8, 100, Oito
4.078713, 500, 8, 100, Oito
4.111703, 500, 8, 100, Oito
4.092955, 500, 8, 100, Oito
4.143878, 500, 8, 100, Oito
3.951608, 500, 8, 100, Oito
4.081215, 500, 8, 100, Oito
4.055041, 500, 8, 100, Oito
4.06752, 500, 8, 100, Oito
3.992064, 500, 8, 100, Oito
4.121569, 500, 8, 100, Oito
3.984496, 500, 8, 100, Oito
4.042199, 500, 8, 100, Oito
4.095112, 500, 8, 100, Oito
4.189341, 500, 8, 100, Oito
4.152441, 500, 8, 100, Oito
4.06476, 500, 8, 100, Oito
4.129932, 500, 8, 100, Oito
4.112354, 500, 8, 100, Oito
4.134353, 500, 8, 100, Oito
4.128285, 500, 8, 100, Oito
4.072299, 500, 8, 100, Oito
4.153162, 500, 8, 100, Oito
4.112429, 500, 8, 100, Oito
4.048487, 500, 8, 100, Oito
4.09804, 500, 8, 100, Oito
4.029402, 500, 8, 100, Oito
4.030661, 500, 8, 100, Oito
4.094414, 500, 8, 100, Oito
3.958474, 500, 8, 100, Oito
4.109706, 500, 8, 100, Oito
4.154344, 500, 8, 100, Oito
3.928242, 500, 8, 100, Oito
4.13773, 500, 8, 100, Oito
4.121634, 500, 8, 100, Oito
4.123466, 500, 8, 100, Oito
4.061432, 500, 8, 100, Oito
4.205149, 500, 8, 100, Oito
4.031661, 500, 8, 100, Oito
4.048747, 500, 8, 100, Oito
4.045419, 500, 8, 100, Oito
4.142798, 500, 8, 100, Oito
4.013715, 500, 8, 100, Oito
6.051015, 600, 8, 100, Oito
5.919689, 600, 8, 100, Oito
5.921497, 600, 8, 100, Oito
5.936755, 600, 8, 100, Oito
5.897724, 600, 8, 100, Oito
5.844246, 600, 8, 100, Oito
5.887666, 600, 8, 100, Oito
5.985326, 600, 8, 100, Oito
5.838649, 600, 8, 100, Oito
6.172991, 600, 8, 100, Oito
6.105335, 600, 8, 100, Oito
5.875998, 600, 8, 100, Oito
5.741789, 600, 8, 100, Oito
6.234128, 600, 8, 100, Oito
5.85076, 600, 8, 100, Oito
5.8123, 600, 8, 100, Oito
5.979088, 600, 8, 100, Oito
5.869971, 600, 8, 100, Oito
5.894853, 600, 8, 100, Oito
5.993642, 600, 8, 100, Oito
5.924629, 600, 8, 100, Oito
5.952221, 600, 8, 100, Oito
5.997805, 600, 8, 100, Oito
5.93033, 600, 8, 100, Oito
5.912087, 600, 8, 100, Oito
5.951041, 600, 8, 100, Oito
5.995862, 600, 8, 100, Oito
5.966838, 600, 8, 100, Oito
5.993207, 600, 8, 100, Oito
5.811474, 600, 8, 100, Oito
5.985003, 600, 8, 100, Oito
5.922169, 600, 8, 100, Oito
5.986747, 600, 8, 100, Oito
5.981015, 600, 8, 100, Oito
5.976852, 600, 8, 100, Oito
5.964873, 600, 8, 100, Oito
6.057162, 600, 8, 100, Oito
5.940616, 600, 8, 100, Oito
5.911317, 600, 8, 100, Oito
5.931268, 600, 8, 100, Oito
5.873832, 600, 8, 100, Oito
5.852236, 600, 8, 100, Oito
5.965063, 600, 8, 100, Oito
5.788481, 600, 8, 100, Oito
5.873554, 600, 8, 100, Oito
6.028526, 600, 8, 100, Oito
5.934641, 600, 8, 100, Oito
5.970856, 600, 8, 100, Oito
5.976998, 600, 8, 100, Oito
6.039372, 600, 8, 100, Oito
0.12528, 100, 16, 100, Dezesseis
0.1279, 100,  16, 100, Dezesseis
0.13014, 100,  16, 100, Dezesseis
0.126203, 100,  16, 100, Dezesseis
0.132338, 100,  16, 100, Dezesseis
0.136542, 100,  16, 100, Dezesseis
0.132945, 100,  16, 100, Dezesseis
0.109797, 100,  16, 100, Dezesseis
0.136208, 100,  16, 100, Dezesseis
0.11328, 100,  16, 100, Dezesseis
0.129417, 100,  16, 100, Dezesseis
0.12946, 100,  16, 100, Dezesseis
0.13271, 100,  16, 100, Dezesseis
0.155752, 100,  16, 100, Dezesseis
0.122559, 100,  16, 100, Dezesseis
0.132892, 100,  16, 100, Dezesseis
0.131011, 100,  16, 100, Dezesseis
0.138826, 100,  16, 100, Dezesseis
0.129097, 100,  16, 100, Dezesseis
0.129678, 100,  16, 100, Dezesseis
0.127262, 100,  16, 100, Dezesseis
0.130438, 100,  16, 100, Dezesseis
0.129912, 100,  16, 100, Dezesseis
0.142735, 100,  16, 100, Dezesseis
0.131038, 100,  16, 100, Dezesseis
0.135939, 100,  16, 100, Dezesseis
0.133024, 100,  16, 100, Dezesseis
0.13317, 100,  16, 100, Dezesseis
0.133075, 100,  16, 100, Dezesseis
0.13002, 100,  16, 100, Dezesseis
0.125951, 100,  16, 100, Dezesseis
0.131086, 100,  16, 100, Dezesseis
0.127465, 100,  16, 100, Dezesseis
0.137999, 100,  16, 100, Dezesseis
0.138059, 100,  16, 100, Dezesseis
0.132534, 100,  16, 100, Dezesseis
0.1293 ,100, 16, 100, Dezesseis
0.131309, 100,  16, 100, Dezesseis
0.1273 , 100,  16, 100, Dezesseis
0.12857, 100,  16, 100, Dezesseis
0.12645, 100,  16, 100, Dezesseis
0.138115, 100,  16, 100, Dezesseis
0.138628, 100,  16, 100, Dezesseis
0.130057, 100,  16, 100, Dezesseis
0.129143, 100,  16, 100, Dezesseis
0.133177, 100,  16, 100, Dezesseis
0.125281, 100,  16, 100, Dezesseis
0.135459, 100,  16, 100, Dezesseis
0.126296, 100,  16, 100, Dezesseis
0.129009, 100,  16, 100, Dezesseis
0.493462, 200,  16, 100, Dezesseis
0.425197, 200,  16, 100, Dezesseis
0.416601, 200,  16, 100, Dezesseis
0.425291, 200,  16, 100, Dezesseis
0.40926, 200,  16, 100, Dezesseis
0.405854, 200,  16, 100, Dezesseis
0.412857, 200,  16, 100, Dezesseis
0.417252, 200,  16, 100, Dezesseis
0.429498, 200,  16, 100, Dezesseis
0.487433, 200,  16, 100, Dezesseis
0.432652, 200,  16, 100, Dezesseis
0.400083, 200,  16, 100, Dezesseis
0.402828, 200,  16, 100, Dezesseis
0.502678, 200,  16, 100, Dezesseis
0.433957, 200,  16, 100, Dezesseis
0.407212, 200,  16, 100, Dezesseis
0.419802, 200,  16, 100, Dezesseis
0.488506, 200,  16, 100, Dezesseis
0.432548, 200,  16, 100, Dezesseis
0.416449, 200,  16, 100, Dezesseis
0.404059, 200,  16, 100, Dezesseis
0.422175, 200,  16, 100, Dezesseis
0.41626, 200,  16, 100, Dezesseis
0.428497, 200,  16, 100, Dezesseis
0.448233, 200,  16, 100, Dezesseis
0.412606, 200,  16, 100, Dezesseis
0.491645, 200,  16, 100, Dezesseis
0.417177, 200,  16, 100, Dezesseis
0.424944, 200,  16, 100, Dezesseis
0.48575, 200,  16, 100, Dezesseis
0.437802, 200,  16, 100, Dezesseis
0.418476, 200,  16, 100, Dezesseis
0.488002, 200,  16, 100, Dezesseis
0.499573, 200,  16, 100, Dezesseis
0.487978, 200,  16, 100, Dezesseis
0.498471, 200,  16, 100, Dezesseis
0.415273, 200,  16, 100, Dezesseis
0.411359, 200,  16, 100, Dezesseis
0.498595, 200,  16, 100, Dezesseis
0.430675, 200,  16, 100, Dezesseis
0.409543, 200,  16, 100, Dezesseis
0.411693, 200,  16, 100, Dezesseis
0.427197, 200,  16, 100, Dezesseis
0.419045, 200,  16, 100, Dezesseis
0.495134, 200,  16, 100, Dezesseis
0.416028, 200,  16, 100, Dezesseis
0.482379, 200,  16, 100, Dezesseis
0.382335, 200,  16, 100, Dezesseis
0.414117, 200,  16, 100, Dezesseis
0.41631, 200,  16, 100, Dezesseis
1.003142, 300,  16, 100, Dezesseis
1.037605, 300,  16, 100, Dezesseis
1.031552, 300,  16, 100, Dezesseis
1.055887, 300,  16, 100, Dezesseis
1.071717, 300,  16, 100, Dezesseis
1.013065, 300,  16, 100, Dezesseis
0.992767, 300,  16, 100, Dezesseis
1.03276, 300,  16, 100, Dezesseis
0.979045, 300,  16, 100, Dezesseis
1.258438, 300,  16, 100, Dezesseis
1.02662, 300,  16, 100, Dezesseis
1.042607, 300,  16, 100, Dezesseis
1.224027, 300,  16, 100, Dezesseis
0.996762, 300,  16, 100, Dezesseis
1.055572, 300,  16, 100, Dezesseis
1.066987, 300,  16, 100, Dezesseis
1.017521, 300,  16, 100, Dezesseis
1.215, 300,  16, 100, Dezesseis
1.094559, 300,  16, 100, Dezesseis
1.013489, 300,  16, 100, Dezesseis
0.997795, 300,  16, 100, Dezesseis
1.005125, 300,  16, 100, Dezesseis
1.123816, 300,  16, 100, Dezesseis
1.007856, 300,  16, 100, Dezesseis
1.044882, 300,  16, 100, Dezesseis
1.036978, 300,  16, 100, Dezesseis
1.029175, 300,  16, 100, Dezesseis
1.020404, 300,  16, 100, Dezesseis
1.024077, 300,  16, 100, Dezesseis
1.246422, 300,  16, 100, Dezesseis
1.045909, 300,  16, 100, Dezesseis
1.13871, 300,  16, 100, Dezesseis
1.022456, 300,  16, 100, Dezesseis
1.203348, 300,  16, 100, Dezesseis
1.026348, 300,  16, 100, Dezesseis
1.216813, 300,  16, 100, Dezesseis
1.012385, 300,  16, 100, Dezesseis
1.005395, 300,  16, 100, Dezesseis
0.994373, 300,  16, 100, Dezesseis
1.240336, 300,  16, 100, Dezesseis
1.214307, 300,  16, 100, Dezesseis
1.011776, 300,  16, 100, Dezesseis
1.052841, 300,  16, 100, Dezesseis
1.063709, 300,  16, 100, Dezesseis
1.07941, 300,  16, 100, Dezesseis
1.052131, 300,  16, 100, Dezesseis
0.995238, 300,  16, 100, Dezesseis
0.995884, 300,  16, 100, Dezesseis
1.226732, 300,  16, 100, Dezesseis
0.998412, 300,  16, 100, Dezesseis
1.740971, 400,  16, 100, Dezesseis
1.805009, 400,  16, 100, Dezesseis
1.754934, 400,  16, 100, Dezesseis
1.822706, 400,  16, 100, Dezesseis
1.755477, 400,  16, 100, Dezesseis
1.7652, 400,  16, 100, Dezesseis
1.737006, 400,  16, 100, Dezesseis
1.788722, 400,  16, 100, Dezesseis
1.793315, 400,  16, 100, Dezesseis
1.485661, 400,  16, 100, Dezesseis
1.731629, 400,  16, 100, Dezesseis
1.321233, 400,  16, 100, Dezesseis
1.755128, 400,  16, 100, Dezesseis
1.763433, 400,  16, 100, Dezesseis
1.795023, 400,  16, 100, Dezesseis
1.749983, 400,  16, 100, Dezesseis
1.738318, 400,  16, 100, Dezesseis
1.724789, 400,  16, 100, Dezesseis
1.350569, 400,  16, 100, Dezesseis
1.782075, 400,  16, 100, Dezesseis
1.760478, 400,  16, 100, Dezesseis
1.758642, 400,  16, 100, Dezesseis
1.767306, 400,  16, 100, Dezesseis
1.771036, 400,  16, 100, Dezesseis
1.715243, 400,  16, 100, Dezesseis
1.746195, 400,  16, 100, Dezesseis
1.73429, 400,  16, 100, Dezesseis
1.298737, 400,  16, 100, Dezesseis
1.764049, 400,  16, 100, Dezesseis
1.793333, 400,  16, 100, Dezesseis
1.769879, 400,  16, 100, Dezesseis
1.282916, 400,  16, 100, Dezesseis
1.746276, 400,  16, 100, Dezesseis
1.838048, 400,  16, 100, Dezesseis
1.808098, 400,  16, 100, Dezesseis
1.794245, 400,  16, 100, Dezesseis
1.267345, 400,  16, 100, Dezesseis
1.780403, 400,  16, 100, Dezesseis
1.737268, 400,  16, 100, Dezesseis
1.843689, 400,  16, 100, Dezesseis
1.743033, 400,  16, 100, Dezesseis
1.80767, 400,  16, 100, Dezesseis
1.790891, 400,  16, 100, Dezesseis
1.783172, 400,  16, 100, Dezesseis
1.717513, 400,  16, 100, Dezesseis
1.731464, 400,  16, 100, Dezesseis
1.712657, 400,  16, 100, Dezesseis
1.759963, 400,  16, 100, Dezesseis
1.774581, 400,  16, 100, Dezesseis
1.347918, 400,  16, 100, Dezesseis
3.598387, 500,  16, 100, Dezesseis
3.587061, 500,  16, 100, Dezesseis
3.648132, 500,  16, 100, Dezesseis
3.67431, 500,  16, 100, Dezesseis
2.860314, 500,  16, 100, Dezesseis
3.64648, 500,  16, 100, Dezesseis
2.926545, 500,  16, 100, Dezesseis
2.85352, 500,  16, 100, Dezesseis
3.627512, 500,  16, 100, Dezesseis
2.9602, 500,  16, 100, Dezesseis
3.589348, 500,  16, 100, Dezesseis
3.664221, 500,  16, 100, Dezesseis
2.889594, 500,  16, 100, Dezesseis
3.605212, 500,  16, 100, Dezesseis
3.622873, 500,  16, 100, Dezesseis
3.678401, 500,  16, 100, Dezesseis
3.710862, 500,  16, 100, Dezesseis
3.634742, 500,  16, 100, Dezesseis
3.626275, 500,  16, 100, Dezesseis
2.9712, 500,  16, 100, Dezesseis
3.112625, 500,  16, 100, Dezesseis
3.654126, 500,  16, 100, Dezesseis
3.675975, 500,  16, 100, Dezesseis
3.659799, 500,  16, 100, Dezesseis
3.067288, 500,  16, 100, Dezesseis
3.566536, 500,  16, 100, Dezesseis
3.582362, 500,  16, 100, Dezesseis
3.575523, 500,  16, 100, Dezesseis
3.523944, 500,  16, 100, Dezesseis
3.684719, 500,  16, 100, Dezesseis
2.924344, 500,  16, 100, Dezesseis
3.632423, 500,  16, 100, Dezesseis
3.612032, 500,  16, 100, Dezesseis
3.648489, 500,  16, 100, Dezesseis
2.914769, 500,  16, 100, Dezesseis
2.837899, 500,  16, 100, Dezesseis
3.647904, 500,  16, 100, Dezesseis
2.84735, 500,  16, 100, Dezesseis
2.924667, 500,  16, 100, Dezesseis
2.871689, 500,  16, 100, Dezesseis
3.621104, 500,  16, 100, Dezesseis
3.636688, 500,  16, 100, Dezesseis
3.504703, 500,  16, 100, Dezesseis
3.67586, 500,  16, 100, Dezesseis
3.73871, 500,  16, 100, Dezesseis
3.633992, 500,  16, 100, Dezesseis
2.896605, 500,  16, 100, Dezesseis
3.534418, 500,  16, 100, Dezesseis
3.582818, 500,  16, 100, Dezesseis
3.59108, 500,  16, 100, Dezesseis
5.362505, 600,  16, 100, Dezesseis
5.414398, 600,  16, 100, Dezesseis
5.586676, 600,  16, 100, Dezesseis
4.665197, 600,  16, 100, Dezesseis
5.628189, 600,  16, 100, Dezesseis
5.528329, 600,  16, 100, Dezesseis
4.747636, 600,  16, 100, Dezesseis
5.477041, 600,  16, 100, Dezesseis
5.304989, 600,  16, 100, Dezesseis
5.393475, 600,  16, 100, Dezesseis
5.218252, 600,  16, 100, Dezesseis
5.366803, 600,  16, 100, Dezesseis
5.349253, 600,  16, 100, Dezesseis
4.46252, 600,  16, 100, Dezesseis
5.544854, 600,  16, 100, Dezesseis
5.348112, 600,  16, 100, Dezesseis
5.332978, 600,  16, 100, Dezesseis
5.726568, 600,  16, 100, Dezesseis
4.510658, 600,  16, 100, Dezesseis
5.278416, 600,  16, 100, Dezesseis
5.411333, 600,  16, 100, Dezesseis
5.53725, 600,  16, 100, Dezesseis
4.451828, 600,  16, 100, Dezesseis
5.397845, 600,  16, 100, Dezesseis
5.263782, 600,  16, 100, Dezesseis
5.575867, 600,  16, 100, Dezesseis
5.446864, 600,  16, 100, Dezesseis
5.720008, 600,  16, 100, Dezesseis
5.288671, 600,  16, 100, Dezesseis
4.448311, 600,  16, 100, Dezesseis
5.197973, 600,  16, 100, Dezesseis
5.583147, 600,  16, 100, Dezesseis
5.299598, 600,  16, 100, Dezesseis
4.472547, 600,  16, 100, Dezesseis
5.30313, 600,  16, 100, Dezesseis
5.484482, 600,  16, 100, Dezesseis
4.466412, 600,  16, 100, Dezesseis
5.610606, 600,  16, 100, Dezesseis
5.282433, 600,  16, 100, Dezesseis
4.462348, 600,  16, 100, Dezesseis
5.441524, 600,  16, 100, Dezesseis
4.510627, 600,  16, 100, Dezesseis
5.377767, 600,  16, 100, Dezesseis
5.575847, 600,  16, 100, Dezesseis
4.431891, 600,  16, 100, Dezesseis
5.353543, 600,  16, 100, Dezesseis
5.557608, 600,  16, 100, Dezesseis
5.386073, 600,  16, 100, Dezesseis
5.414622, 600,  16, 100, Dezesseis
5.391791, 600,  16, 100, Dezesseis
